"","x"
"1","image_1244.jpg"
"2","image_1697.jpg"
"3","image_1251.jpg"
"4","image_1119.jpg"
"5","image_1352.jpg"
"6","image_1605.jpg"
"7","image_1843.jpg"
"8","image_1364.jpg"
"9","image_1765.jpg"
"10","image_1012.jpg"
"11","image_1457.jpg"
"12","image_1386.jpg"
"13","image_1208.jpg"
"14","image_1162.jpg"
"15","image_1152.jpg"
"16","image_1536.jpg"
"17","image_1850.jpg"
"18","image_1427.jpg"
"19","image_1537.jpg"
"20","image_1036.jpg"
"21","image_1472.jpg"
"22","image_1484.jpg"
"23","image_1865.jpg"
"24","image_1146.jpg"
"25","image_1889.jpg"
"26","image_1734.jpg"
"27","image_1510.jpg"
"28","image_1808.jpg"
"29","image_1212.jpg"
"30","image_1910.jpg"
"31","image_1019.jpg"
"32","image_1193.jpg"
"33","image_1689.jpg"
"34","image_1195.jpg"
"35","image_1031.jpg"
"36","image_1716.jpg"
"37","image_1130.jpg"
"38","image_1641.jpg"
"39","image_1832.jpg"
"40","image_1210.jpg"
"41","image_1696.jpg"
"42","image_1687.jpg"
"43","image_1089.jpg"
"44","image_1395.jpg"
"45","image_1642.jpg"
"46","image_1904.jpg"
"47","image_1545.jpg"
"48","image_1059.jpg"
"49","image_1655.jpg"
"50","image_1764.jpg"
"51","image_1998.jpg"
"52","image_1674.jpg"
"53","image_1445.jpg"
"54","image_1833.jpg"
"55","image_1880.jpg"
"56","image_1813.jpg"
"57","image_1288.jpg"
"58","image_1408.jpg"
"59","image_1940.jpg"
"60","image_1273.jpg"
"61","image_1290.jpg"
"62","image_1324.jpg"
"63","image_1532.jpg"
"64","image_1389.jpg"
"65","image_1266.jpg"
"66","image_1372.jpg"
"67","image_1138.jpg"
"68","image_1315.jpg"
"69","image_1259.jpg"
"70","image_1784.jpg"
"71","image_1939.jpg"
"72","image_1645.jpg"
"73","image_1021.jpg"
"74","image_1844.jpg"
"75","image_1369.jpg"
"76","image_1970.jpg"
"77","image_1686.jpg"
"78","image_1724.jpg"
"79","image_1384.jpg"
"80","image_1593.jpg"
"81","image_1400.jpg"
"82","image_1316.jpg"
"83","image_1598.jpg"
"84","image_1816.jpg"
"85","image_1426.jpg"
"86","image_1322.jpg"
"87","image_1230.jpg"
"88","image_1349.jpg"
"89","image_1564.jpg"
"90","image_1040.jpg"
"91","image_1527.jpg"
"92","image_1382.jpg"
"93","image_1795.jpg"
"94","image_1750.jpg"
"95","image_1556.jpg"
"96","image_1897.jpg"
"97","image_1988.jpg"
"98","image_1425.jpg"
"99","image_1496.jpg"
"100","image_1967.jpg"
"101","image_1938.jpg"
"102","image_1416.jpg"
"103","image_1101.jpg"
"104","image_1840.jpg"
"105","image_1978.jpg"
"106","image_1542.jpg"
"107","image_1828.jpg"
"108","image_1421.jpg"
"109","image_1107.jpg"
"110","image_1801.jpg"
"111","image_1351.jpg"
"112","image_1030.jpg"
"113","image_1367.jpg"
"114","image_1475.jpg"
"115","image_1062.jpg"
"116","image_1627.jpg"
"117","image_1357.jpg"
"118","image_1071.jpg"
"119","image_1077.jpg"
"120","image_1983.jpg"
"121","image_1786.jpg"
"122","image_1576.jpg"
"123","image_1294.jpg"
"124","image_1695.jpg"
"125","image_1001.jpg"
"126","image_1478.jpg"
"127","image_1194.jpg"
"128","image_1295.jpg"
"129","image_1620.jpg"
"130","image_1339.jpg"
"131","image_1200.jpg"
"132","image_1624.jpg"
"133","image_1297.jpg"
"134","image_1898.jpg"
"135","image_1802.jpg"
"136","image_1509.jpg"
"137","image_1759.jpg"
"138","image_1519.jpg"
"139","image_1149.jpg"
"140","image_1326.jpg"
"141","image_1854.jpg"
"142","image_1025.jpg"
"143","image_1944.jpg"
"144","image_1081.jpg"
"145","image_1337.jpg"
"146","image_1595.jpg"
"147","image_1060.jpg"
"148","image_1468.jpg"
"149","image_1360.jpg"
"150","image_1793.jpg"
"151","image_1855.jpg"
"152","image_1435.jpg"
"153","image_1157.jpg"
"154","image_1990.jpg"
"155","image_1927.jpg"
"156","image_1982.jpg"
"157","image_1450.jpg"
"158","image_1770.jpg"
"159","image_1067.jpg"
"160","image_1202.jpg"
"161","image_1428.jpg"
"162","image_1214.jpg"
"163","image_1985.jpg"
"164","image_1788.jpg"
"165","image_1916.jpg"
"166","image_1135.jpg"
"167","image_1709.jpg"
"168","image_1712.jpg"
"169","image_1393.jpg"
"170","image_1895.jpg"
"171","image_1041.jpg"
"172","image_1684.jpg"
"173","image_1706.jpg"
"174","image_1248.jpg"
"175","image_1936.jpg"
"176","image_1474.jpg"
"177","image_1278.jpg"
"178","image_1490.jpg"
"179","image_1845.jpg"
"180","image_1091.jpg"
"181","image_1662.jpg"
"182","image_1368.jpg"
"183","image_1016.jpg"
"184","image_1920.jpg"
"185","image_1528.jpg"
"186","image_1805.jpg"
"187","image_1453.jpg"
"188","image_1789.jpg"
"189","image_1680.jpg"
"190","image_1571.jpg"
"191","image_1442.jpg"
"192","image_1141.jpg"
"193","image_1588.jpg"
"194","image_1247.jpg"
"195","image_1562.jpg"
"196","image_1679.jpg"
"197","image_1941.jpg"
"198","image_1104.jpg"
"199","image_1350.jpg"
"200","image_1730.jpg"
"201","image_1061.jpg"
"202","image_1891.jpg"
"203","image_1155.jpg"
"204","image_1131.jpg"
"205","image_1383.jpg"
"206","image_1933.jpg"
"207","image_1134.jpg"
"208","image_1301.jpg"
"209","image_1533.jpg"
"210","image_1581.jpg"
"211","image_1055.jpg"
"212","image_1923.jpg"
"213","image_1771.jpg"
"214","image_1050.jpg"
"215","image_1710.jpg"
"216","image_1572.jpg"
"217","image_1538.jpg"
"218","image_1653.jpg"
"219","image_1029.jpg"
"220","image_1483.jpg"
"221","image_1899.jpg"
"222","image_1013.jpg"
"223","image_1150.jpg"
"224","image_1355.jpg"
"225","image_1856.jpg"
"226","image_1884.jpg"
"227","image_1917.jpg"
"228","image_1878.jpg"
"229","image_1142.jpg"
"230","image_1377.jpg"
"231","image_1848.jpg"
"232","image_1796.jpg"
"233","image_1541.jpg"
"234","image_1482.jpg"
"235","image_1991.jpg"
"236","image_1116.jpg"
"237","image_1461.jpg"
"238","image_1446.jpg"
"239","image_1909.jpg"
"240","image_1609.jpg"
"241","image_1434.jpg"
"242","image_1411.jpg"
"243","image_1296.jpg"
"244","image_1485.jpg"
"245","image_1054.jpg"
"246","image_1109.jpg"
"247","image_1307.jpg"
"248","image_1126.jpg"
"249","image_1423.jpg"
"250","image_1178.jpg"
"251","image_1604.jpg"
"252","image_1222.jpg"
"253","image_1292.jpg"
"254","image_1338.jpg"
"255","image_1407.jpg"
"256","image_1291.jpg"
"257","image_1207.jpg"
"258","image_1612.jpg"
"259","image_1037.jpg"
"260","image_1792.jpg"
"261","image_1318.jpg"
"262","image_1512.jpg"
"263","image_1780.jpg"
"264","image_1807.jpg"
"265","image_1847.jpg"
"266","image_1430.jpg"
"267","image_1704.jpg"
"268","image_1319.jpg"
"269","image_1722.jpg"
"270","image_1063.jpg"
"271","image_1117.jpg"
"272","image_1140.jpg"
"273","image_1321.jpg"
"274","image_1070.jpg"
"275","image_1227.jpg"
"276","image_1835.jpg"
"277","image_1879.jpg"
"278","image_1373.jpg"
"279","image_1723.jpg"
"280","image_1693.jpg"
"281","image_1160.jpg"
"282","image_1074.jpg"
"283","image_1601.jpg"
"284","image_1470.jpg"
"285","image_1961.jpg"
"286","image_1708.jpg"
"287","image_1220.jpg"
"288","image_1045.jpg"
"289","image_1465.jpg"
"290","image_1529.jpg"
"291","image_1596.jpg"
"292","image_1852.jpg"
"293","image_1522.jpg"
"294","image_1703.jpg"
"295","image_1221.jpg"
"296","image_1728.jpg"
"297","image_1650.jpg"
"298","image_1376.jpg"
"299","image_1486.jpg"
"300","image_1125.jpg"
"301","image_1080.jpg"
"302","image_1585.jpg"
"303","image_1174.jpg"
"304","image_1129.jpg"
"305","image_1921.jpg"
"306","image_1327.jpg"
"307","image_1424.jpg"
"308","image_1705.jpg"
"309","image_1592.jpg"
"310","image_1356.jpg"
"311","image_1874.jpg"
"312","image_1646.jpg"
"313","image_1495.jpg"
"314","image_1358.jpg"
"315","image_1027.jpg"
"316","image_1397.jpg"
"317","image_1120.jpg"
"318","image_1735.jpg"
"319","image_1729.jpg"
"320","image_1749.jpg"
"321","image_1637.jpg"
"322","image_1570.jpg"
"323","image_1344.jpg"
"324","image_1718.jpg"
"325","image_1402.jpg"
"326","image_1058.jpg"
"327","image_1340.jpg"
"328","image_1022.jpg"
"329","image_1258.jpg"
"330","image_1815.jpg"
"331","image_1115.jpg"
"332","image_1501.jpg"
"333","image_1678.jpg"
"334","image_1999.jpg"
"335","image_1569.jpg"
"336","image_1002.jpg"
"337","image_1516.jpg"
"338","image_1557.jpg"
"339","image_1203.jpg"
"340","image_1106.jpg"
"341","image_1837.jpg"
"342","image_1084.jpg"
"343","image_1088.jpg"
"344","image_1959.jpg"
"345","image_1876.jpg"
"346","image_1353.jpg"
"347","image_1951.jpg"
"348","image_1111.jpg"
"349","image_1611.jpg"
"350","image_1447.jpg"
"351","image_1775.jpg"
"352","image_1370.jpg"
"353","image_1175.jpg"
"354","image_1659.jpg"
"355","image_1375.jpg"
"356","image_1502.jpg"
"357","image_1913.jpg"
"358","image_1669.jpg"
"359","image_1276.jpg"
"360","image_1271.jpg"
"361","image_1757.jpg"
"362","image_1928.jpg"
"363","image_1480.jpg"
"364","image_1506.jpg"
"365","image_1354.jpg"
"366","image_1034.jpg"
"367","image_1559.jpg"
"368","image_1038.jpg"
"369","image_1692.jpg"
"370","image_1782.jpg"
"371","image_1132.jpg"
"372","image_1804.jpg"
"373","image_1731.jpg"
"374","image_1644.jpg"
"375","image_1864.jpg"
"376","image_1737.jpg"
"377","image_1420.jpg"
"378","image_1497.jpg"
"379","image_1658.jpg"
"380","image_1560.jpg"
"381","image_1583.jpg"
"382","image_1333.jpg"
"383","image_1574.jpg"
"384","image_1147.jpg"
"385","image_1776.jpg"
"386","image_1820.jpg"
"387","image_1042.jpg"
"388","image_1887.jpg"
"389","image_1915.jpg"
"390","image_1817.jpg"
"391","image_1954.jpg"
"392","image_1365.jpg"
"393","image_1661.jpg"
"394","image_1112.jpg"
"395","image_1947.jpg"
"396","image_1694.jpg"
"397","image_1763.jpg"
"398","image_1993.jpg"
"399","image_1159.jpg"
"400","image_1473.jpg"
"401","image_1551.jpg"
"402","image_1394.jpg"
"403","image_1615.jpg"
"404","image_1414.jpg"
"405","image_1198.jpg"
"406","image_1949.jpg"
"407","image_1173.jpg"
"408","image_1513.jpg"
"409","image_1404.jpg"
"410","image_1768.jpg"
"411","image_1907.jpg"
"412","image_1431.jpg"
"413","image_1079.jpg"
"414","image_1328.jpg"
"415","image_1464.jpg"
"416","image_1515.jpg"
"417","image_1308.jpg"
"418","image_1179.jpg"
"419","image_1299.jpg"
"420","image_1144.jpg"
"421","image_1233.jpg"
"422","image_1901.jpg"
"423","image_1267.jpg"
"424","image_1630.jpg"
"425","image_1314.jpg"
"426","image_1302.jpg"
"427","image_1746.jpg"
"428","image_1831.jpg"
"429","image_1619.jpg"
"430","image_1861.jpg"
"431","image_1312.jpg"
"432","image_1779.jpg"
"433","image_1691.jpg"
"434","image_1643.jpg"
"435","image_1799.jpg"
"436","image_1860.jpg"
"437","image_1714.jpg"
"438","image_1083.jpg"
"439","image_1317.jpg"
"440","image_1492.jpg"
"441","image_1943.jpg"
"442","image_1216.jpg"
"443","image_1169.jpg"
"444","image_1918.jpg"
"445","image_1803.jpg"
"446","image_1818.jpg"
"447","image_1767.jpg"
"448","image_1535.jpg"
"449","image_1044.jpg"
"450","image_1388.jpg"
"451","image_1841.jpg"
"452","image_1225.jpg"
"453","image_1103.jpg"
"454","image_1777.jpg"
"455","image_1334.jpg"
"456","image_1597.jpg"
"457","image_1579.jpg"
"458","image_1359.jpg"
"459","image_1869.jpg"
"460","image_1245.jpg"
"461","image_1651.jpg"
"462","image_1883.jpg"
"463","image_1035.jpg"
"464","image_1720.jpg"
"465","image_1185.jpg"
"466","image_1754.jpg"
"467","image_1283.jpg"
"468","image_1264.jpg"
"469","image_1626.jpg"
"470","image_1957.jpg"
"471","image_1304.jpg"
"472","image_1819.jpg"
"473","image_1924.jpg"
"474","image_1151.jpg"
"475","image_1448.jpg"
"476","image_1827.jpg"
"477","image_1555.jpg"
"478","image_1051.jpg"
"479","image_1237.jpg"
"480","image_1303.jpg"
"481","image_1281.jpg"
"482","image_1785.jpg"
"483","image_1177.jpg"
"484","image_1744.jpg"
"485","image_1255.jpg"
"486","image_1331.jpg"
"487","image_1153.jpg"
"488","image_1673.jpg"
"489","image_1590.jpg"
"490","image_1602.jpg"
"491","image_1298.jpg"
"492","image_1972.jpg"
"493","image_1226.jpg"
"494","image_1507.jpg"
"495","image_1241.jpg"
"496","image_1325.jpg"
"497","image_1575.jpg"
"498","image_1877.jpg"
"499","image_1948.jpg"
"500","image_1994.jpg"
"501","image_1479.jpg"
"502","image_1493.jpg"
"503","image_1755.jpg"
"504","image_1974.jpg"
"505","image_1973.jpg"
"506","image_1039.jpg"
"507","image_1242.jpg"
"508","image_1092.jpg"
"509","image_1979.jpg"
"510","image_1508.jpg"
"511","image_1098.jpg"
"512","image_1282.jpg"
"513","image_1868.jpg"
"514","image_1821.jpg"
"515","image_1068.jpg"
"516","image_1640.jpg"
"517","image_1181.jpg"
"518","image_1623.jpg"
"519","image_1969.jpg"
"520","image_1902.jpg"
"521","image_1385.jpg"
"522","image_1790.jpg"
"523","image_1664.jpg"
"524","image_1433.jpg"
"525","image_1105.jpg"
"526","image_1275.jpg"
"527","image_1952.jpg"
"528","image_1761.jpg"
"529","image_1010.jpg"
"530","image_1842.jpg"
"531","image_1087.jpg"
"532","image_1769.jpg"
"533","image_1163.jpg"
"534","image_1824.jpg"
"535","image_1156.jpg"
"536","image_1300.jpg"
"537","image_1549.jpg"
"538","image_1332.jpg"
"539","image_1931.jpg"
"540","image_1452.jpg"
"541","image_1717.jpg"
"542","image_1857.jpg"
"543","image_1287.jpg"
"544","image_1168.jpg"
"545","image_1229.jpg"
"546","image_1139.jpg"
"547","image_1500.jpg"
"548","image_1205.jpg"
"549","image_1238.jpg"
"550","image_1503.jpg"
"551","image_1727.jpg"
"552","image_1996.jpg"
"553","image_1310.jpg"
"554","image_1606.jpg"
"555","image_1736.jpg"
"556","image_1374.jpg"
"557","image_1628.jpg"
"558","image_1380.jpg"
"559","image_1422.jpg"
"560","image_1099.jpg"
"561","image_1997.jpg"
"562","image_1006.jpg"
"563","image_1945.jpg"
"564","image_1123.jpg"
"565","image_1217.jpg"
"566","image_1594.jpg"
"567","image_1656.jpg"
"568","image_1190.jpg"
"569","image_1396.jpg"
"570","image_1232.jpg"
"571","image_1676.jpg"
"572","image_1161.jpg"
"573","image_1830.jpg"
"574","image_2000.jpg"
"575","image_1523.jpg"
"576","image_1811.jpg"
"577","image_1277.jpg"
"578","image_1814.jpg"
"579","image_1145.jpg"
"580","image_1822.jpg"
"581","image_1787.jpg"
"582","image_1937.jpg"
"583","image_1186.jpg"
"584","image_1962.jpg"
"585","image_1663.jpg"
"586","image_1823.jpg"
"587","image_1930.jpg"
"588","image_1849.jpg"
"589","image_1756.jpg"
"590","image_1520.jpg"
"591","image_1778.jpg"
"592","image_1882.jpg"
"593","image_1467.jpg"
"594","image_1553.jpg"
"595","image_1743.jpg"
"596","image_1867.jpg"
"597","image_1671.jpg"
"598","image_1505.jpg"
"599","image_1167.jpg"
"600","image_1463.jpg"
"601","image_1566.jpg"
"602","image_1261.jpg"
"603","image_1838.jpg"
"604","image_1617.jpg"
"605","image_1866.jpg"
"606","image_1851.jpg"
"607","image_1171.jpg"
"608","image_1451.jpg"
"609","image_1839.jpg"
"610","image_1429.jpg"
"611","image_1499.jpg"
"612","image_1751.jpg"
"613","image_1047.jpg"
"614","image_1256.jpg"
"615","image_1971.jpg"
"616","image_1741.jpg"
"617","image_1076.jpg"
"618","image_1240.jpg"
"619","image_1235.jpg"
"620","image_1122.jpg"
"621","image_1449.jpg"
"622","image_1577.jpg"
"623","image_1268.jpg"
"624","image_1096.jpg"
"625","image_1976.jpg"
"626","image_1911.jpg"
"627","image_1078.jpg"
"628","image_1309.jpg"
"629","image_1660.jpg"
"630","image_1652.jpg"
"631","image_1491.jpg"
"632","image_1773.jpg"
"633","image_1056.jpg"
"634","image_1903.jpg"
"635","image_1715.jpg"
"636","image_1836.jpg"
"637","image_1329.jpg"
"638","image_1164.jpg"
"639","image_1224.jpg"
"640","image_1405.jpg"
"641","image_1531.jpg"
"642","image_1254.jpg"
"643","image_1020.jpg"
"644","image_1459.jpg"
"645","image_1094.jpg"
"646","image_1534.jpg"
"647","image_1672.jpg"
"648","image_1582.jpg"
"649","image_1965.jpg"
"650","image_1004.jpg"
"651","image_1677.jpg"
"652","image_1738.jpg"
"653","image_1477.jpg"
"654","image_1812.jpg"
"655","image_1007.jpg"
"656","image_1432.jpg"
"657","image_1699.jpg"
"658","image_1721.jpg"
"659","image_1017.jpg"
"660","image_1462.jpg"
"661","image_1412.jpg"
"662","image_1950.jpg"
"663","image_1567.jpg"
"664","image_1846.jpg"
"665","image_1048.jpg"
"666","image_1114.jpg"
"667","image_1073.jpg"
"668","image_1783.jpg"
"669","image_1894.jpg"
"670","image_1600.jpg"
"671","image_1498.jpg"
"672","image_1204.jpg"
"673","image_1905.jpg"
"674","image_1912.jpg"
"675","image_1647.jpg"
"676","image_1524.jpg"
"677","image_1184.jpg"
"678","image_1269.jpg"
"679","image_1984.jpg"
"680","image_1487.jpg"
"681","image_1896.jpg"
"682","image_1547.jpg"
"683","image_1274.jpg"
"684","image_1525.jpg"
"685","image_1681.jpg"
"686","image_1682.jpg"
"687","image_1236.jpg"
"688","image_1707.jpg"
"689","image_1272.jpg"
"690","image_1330.jpg"
"691","image_1069.jpg"
"692","image_1403.jpg"
"693","image_1810.jpg"
"694","image_1657.jpg"
"695","image_1444.jpg"
"696","image_1565.jpg"
"697","image_1654.jpg"
"698","image_1348.jpg"
"699","image_1762.jpg"
"700","image_1252.jpg"
"701","image_1638.jpg"
"702","image_1616.jpg"
"703","image_1932.jpg"
"704","image_1249.jpg"
"705","image_1362.jpg"
"706","image_1209.jpg"
"707","image_1363.jpg"
"708","image_1558.jpg"
"709","image_1390.jpg"
"710","image_1953.jpg"
"711","image_1469.jpg"
"712","image_1591.jpg"
"713","image_1698.jpg"
"714","image_1725.jpg"
"715","image_1262.jpg"
"716","image_1514.jpg"
"717","image_1323.jpg"
"718","image_1859.jpg"
"719","image_1622.jpg"
"720","image_1960.jpg"
"721","image_1668.jpg"
"722","image_1745.jpg"
"723","image_1587.jpg"
"724","image_1170.jpg"
"725","image_1613.jpg"
"726","image_1989.jpg"
"727","image_1158.jpg"
"728","image_1456.jpg"
"729","image_1090.jpg"
"730","image_1942.jpg"
"731","image_1539.jpg"
"732","image_1336.jpg"
"733","image_1189.jpg"
"734","image_1409.jpg"
"735","image_1885.jpg"
"736","image_1121.jpg"
"737","image_1197.jpg"
"738","image_1752.jpg"
"739","image_1211.jpg"
"740","image_1925.jpg"
"741","image_1794.jpg"
"742","image_1417.jpg"
"743","image_1798.jpg"
"744","image_1335.jpg"
"745","image_1633.jpg"
"746","image_1603.jpg"
"747","image_1015.jpg"
"748","image_1517.jpg"
"749","image_1093.jpg"
"750","image_1199.jpg"
"751","image_1980.jpg"
"752","image_1934.jpg"
"753","image_1057.jpg"
"754","image_1584.jpg"
"755","image_1711.jpg"
"756","image_1418.jpg"
"757","image_1419.jpg"
"758","image_1191.jpg"
"759","image_1127.jpg"
"760","image_1636.jpg"
"761","image_1075.jpg"
"762","image_1873.jpg"
"763","image_1863.jpg"
"764","image_1649.jpg"
"765","image_1890.jpg"
"766","image_1958.jpg"
"767","image_1573.jpg"
"768","image_1919.jpg"
"769","image_1578.jpg"
"770","image_1888.jpg"
"771","image_1922.jpg"
"772","image_1206.jpg"
"773","image_1097.jpg"
"774","image_1458.jpg"
"775","image_1599.jpg"
"776","image_1580.jpg"
"777","image_1881.jpg"
"778","image_1956.jpg"
"779","image_1110.jpg"
"780","image_1589.jpg"
"781","image_1279.jpg"
"782","image_1853.jpg"
"783","image_1234.jpg"
"784","image_1192.jpg"
"785","image_1441.jpg"
"786","image_1914.jpg"
"787","image_1228.jpg"
"788","image_1871.jpg"
"789","image_1753.jpg"
"790","image_1981.jpg"
"791","image_1926.jpg"
"792","image_1893.jpg"
"793","image_1665.jpg"
"794","image_1494.jpg"
"795","image_1713.jpg"
"796","image_1963.jpg"
"797","image_1733.jpg"
"798","image_1046.jpg"
"799","image_1231.jpg"
"800","image_1401.jpg"
